method,task_type,mean_success,avg_cost_usd,avg_latency_ms
random,gsm8k,0.9322033898305084,0.00150545249717512,15299.316384180791
random,humaneval,0.8055555555555556,0.0027662184722222014,19295.277777777777
cost_first,gsm8k,0.8421052631578947,3.383902631578947e-05,15734.236842105263
cost_first,humaneval,0.7391304347826086,2.4127173913043476e-05,7426.130434782609
