method,task_type,mean_success,avg_cost_usd,avg_latency_ms
random,gsm8k,0.9285714285714286,0.0015502650535714096,16053.458333333334
random,humaneval,0.7865853658536586,0.0026339368414633954,17456.969512195123
cost_first,gsm8k,0.9226190476190477,2.958538095238095e-05,7275.818452380952
cost_first,humaneval,0.8902439024390244,2.6778676829268294e-05,5859.207317073171
single_best,gsm8k,0.9404761904761905,0.0013161154761904565,4137.898809523809
single_best,humaneval,0.8902439024390244,0.002524321951219495,6571.8109756097565
ours,gsm8k,0.9345238095238095,0.00019824689583333247,13895.21130952381
ours,humaneval,0.9207317073170732,0.0028149409573170617,6257.506097560976
