method,before_success,after_success,before_cost_usd,after_cost_usd,before_latency_ms,after_latency_ms,recovery_steps_to_95pct_pre
random,0.896,0.868,0.0018691802879999787,0.0019422385119999832,16477.216,16550.404,50
cost_first,0.896,0.928,2.9266328e-05,2.8063236e-05,8102.692,5519.648,50
single_best,0.94,0.908,0.0016057655999999817,0.001819048799999981,4901.504,4970.94,63
ours,0.944,0.916,0.0010009314239999964,0.0011121136719999948,10029.564,12750.524,50
